image_name,gender,height
00-DSC_8592.jpg,Male,180
000_l806e.c3ea9085937.original.jpg,Male,175
0318_gots3premiere_72.jpg,Male,176
038.jpg,Male,191
047.jpg,Male,181
111278.jpg,Male,170
12_Chiwetel-Ejiofor.jpg,Male,176
130348.f4bc7911-9fa3-42a2-b10d-0508750dc645.jpg,Female,186
1410459691_1407586452_1398385383_003_andrei_arlovs.jpg,Male,193
141130-barack-obama-jms-2018_77d8d2ecae194a0123be4.jpg,Male,185
1433048447_1.jpg,Male,181
1479728864_5832dee0c8d49.jpg,Male,172
14_Melanie-Laurent.jpg,Female,157
1527065228_yuri-kolokolnikov.jpg,Male,192
1581.jpg,Male,173
162951.jpg,Male,174
16_Tony-Goldwyn.jpg,Male,180
186911603.jpg,Male,189
18b3f8a7350800ceb213374d88284771.jpg,Female,164
2.33573244.jpg,Male,191
2017-04-20_13-46-38_01.jpg,Male,182
2018-08-04-332_67826-7_231087.jpg,Male,182
276231-patrick-wilson-patrick-wilson.jpg,Male,180
2_Laurence-Fishburne.jpg,Male,178
2_Melanie-Thierry.jpg,Female,155
3258738_2048_1152.jpg,Male,190
33192478-pd1.jpg,Male,185
52c649afd89539d553e0149a06a81e89.jpg,Male,197
54277625_340368483267656_481038412544185254_n.jpg,Male,197
5b0d0a39baaace421e0ffe850385b6ad.jpg,Male,191
61e4a780-6ccd-11e7-93f5-b3ad0448b36d_AP_1705803006.jpg,Male,179
6868214.jpg,Male,177
699962730d07a8b9ab05a724d8bd3339.jpg,Male,178
69cca585b82038a4584b6d997b97a0b5.jpeg,Male,189
75.jpg,Male,196
7775220400_michael-madsen.jpg,Male,183
837680124.jpg,Male,189
8aa5ce9ec366cc40e53bcdb1ab22c2e2.jpg,Male,170
912a3f90-de94-11e6-8f78-9133dc9f1779_GettyImages-6.jpg,Male,167
996113_1438082400.jpg,Male,190
9bd5815cf1e593fd803577a6194238ee.jpg,Male,179
9dbb35239b6c100d47c633baf1bf0471.jpeg,Male,189
a1cbde6f060d25ac00f8418bf57d0a94.jpg,Male,214
Aaron-Eckhart.jpeg,Male,177
AaronTaylorJohnson.jpg,Male,178
ac8a8d9f6178968937df82a39e4dc200.jpg,Male,192
Actor-Andy-Samberg-Photos-81201672.jpg,Male,174
actor-jacket-hair-Person-Channing-Tatum-man-look-h.jpg,Male,182
Adam-Copeland.jpg,Male,188
adam-driver.jpg,Male,189
Adam-Goldberg.jpg,Male,179
AdamLevine.jpg,Male,180
Adam_Baldwin.jpg,Male,191
Adrian-Layne.jpg,Male,179
Aidan-Quinn.jpg,Male,181
AJ-Calloway.jpg,Male,186
AKarelin.jpg,Male,188
Alain-Delon.jpg,Male,173
Alan-Alda.jpg,Male,182
Alan-Arkin-RIP.jpg,Male,172
Albert-Finney.jpg,Male,171
Alec-Guinness.jpg,Male,171
Alexander-Ludwig.jpg,Male,187
Alexander-Lukashenko.jpg,Male,180
Alexander-Vucic.jpg,Male,197
Alexander_nevSky.jpg,Male,194
Alfred-Enoch.jpg,Male,185
Alfred-Molina.jpg,Male,185
AmberHeard_.jpg,Female,168
Andrew-Rannells.jpg,Male,183
Andy-Garcia.jpg,Male,173
Andy-Serkis.jpeg,Male,168
Andy-Warhol.jpg,Male,173
Andy-Williams.jpg,Male,166
AngelaLansbury-RIP.jpg,Female,163
Anjelica-Huston.jpg,Female,173
AnnihilationPremiere-008.jpg,Male,172
AnntytHooh.jpg,Male,174
AnselElgrot.jpg,Male,187
Anthony-Joshua.jpg,Male,198
Anthony-Quinn.jpg,Male,177
Anton-Shastun.jpg,Male,198
Antony-Mackie.jpg,Male,178
ArmieHammer111.jpeg,Male,191
Arthur-Penn.jpg,Male,164
asa-butterfield.jpg,Male,179
ASAAND.jpg,Male,176
Ashley-Judd.jpg,Female,166
Ashton-Kutcher-Wallpapers.jpg,Male,186
Asner-RIP.jpg,Male,166
b2d7d456.jpg,Male,181
b691e12de568cb2bfc750994ddc6614c15a4ac8a.jpg,Female,166
b7b977305438579c2cd8855f5a87beb8.jpg,Male,193
badyk5.jpg,Male,186
BAffleck.jpg,Male,186
Bandonio-Anteras.jpg,Male,172
BaronCorbin.jpg,Male,198
BarryPepper.jpg,Male,175
Batt-Momer.jpg,Male,178
BDT.jpg,Male,183
Beau-Bridges.jpg,Male,174
Ben-Barnes.jpeg,Male,180
Ben-Foster.jpg,Male,171
ben-stiller.jpg,Male,169
Ben-Whishaw.jpg,Male,175
BenKingsley.jpg,Male,170
Benneth-Kranagh.jpg,Male,175
Betty-White-RIP.jpg,Female,155
Bevin-Cacon.jpg,Male,177
BigCass.jpg,Male,202
BigShow.jpg,Male,208
big_startfilmru1408108-1-.jpg,Male,192
Bill-Burr.jpg,Male,177
Bill-Campbell.jpg,Male,190
Bill-O-Rielly.jpg,Male,192
Bill-Paxton.jpg,Male,180
BillPullman.jpg,Male,183
Billy-Bob-Thornton.jpg,Male,176
Billy-Boyd.jpg,Male,163
Billy-Crystal.jpg,Male,166
BillyZane.jpg,Male,181
Blake-Shelton.jpg,Male,194
BlakeLively.jpg,Female,174
Bloomando-Orl.jpg,Male,176
Bob-Dole-RIP.jpg,Male,180
Bob-Geldof.jpg,Male,182
Bob-Gunton.jpg,Male,182
Bob-Newhart.jpg,Male,162
Bob-Odenkirk.jpg,Male,175
Bob-Saget.jpg,Male,186
Bobdenin.jpg,Male,170
Bobert-Redrdford.jpg,Male,175
BonJovi.jpg,Male,174
BradPiptpp.jpg,Male,177
Brancy-Clown.jpg,Male,186
Brar-Coc.jpg,Male,183
Braun_Strowman.jpg,Male,199
Bray-Wyatt.jpg,Male,185
Brent-Spiner.jpg,Male,175
Brer-Frar.jpg,Male,186
Bret-Hart.jpg,Male,180
BrianDePalma.jpg,Male,172
Brian_Thompson.jpg,Male,186
Bridge-Jeffress.jpg,Male,180
Bristian-Chale.jpg,Male,180
Brock-Lesnar.jpg,Male,188
Brooke-Shields.jpg,Female,175
Bruce-Dern.jpg,Male,176
Bruce-Lee.jpg,Male,167
BruceCampbell.jpg,Male,182
Bryan-Brown.jpg,Male,182
Burt-Bacharach.jpg,Male,166
Burt-Lancaster.jpg,Male,179
Caicl-Maine.jpg,Male,183
CalvinHarris.jpg,Male,197
cannes10mai_01_0.jpg,Male,180
CaraDelevingne.jpg,Female,170
Carl-Reiner.jpg,Male,175
Cate-Blanchett.jpg,Female,170
cb4b9ecad918f7edf90ed4ea15436ad7.jpg,Male,194
CEvans.jpg,Male,181
Ch-Waw.jpg,Male,170
Chad-Smith.jpg,Male,186
Chadwick-Boseman-Rip.jpg,Male,180
Charles-Dance.jpg,Male,187
Charles-Memton.jpg,Male,178
CharlieSheen22.jpeg,Male,172
Charlize-Theron.jpg,Female,174
Charlotte-Flair.jpg,Female,173
Charlton-Heston.jpg,Male,184
ChazzPalminteri.jpg,Male,185
Chevy-Chase.jpg,Male,190
Chlol-Grar-Mom.jpg,Female,162
Chris-Columbus.jpg,Female,171
Chris-Cooper.jpg,Male,173
Chris-Isaak.jpg,Male,180
Chris-Jericho-HD-Wallpaper.jpg,Male,177
Chris-Mulkey.jpg,Male,183
chris-pine.jpg,Male,183
ChrisODonnell.jpg,Male,176
ChrisODowd.jpg,Male,188
Christian-Coulson.jpg,Male,173
Christopher-Lambert.jpg,Male,177
Christopher-Lloyd.jpg,Male,179
Christopher-Plummer-RIP.jpg,Male,173
Christopher-Reeve.jpg,Male,188
ChristopherWalken.jpg,Male,179
Ciaran-Hinds.jpg,Male,179
cillian-murphy-180226.jpg,Male,171
Civil-War-Premiere-SebastianStanSpain_com-1.jpg,Male,179
Clifton-Collins.jpg,Male,169
Climila-Elarke.jpg,Female,155
Cm-Punk.jpg,Male,179
Cody-Rhodes.jpg,Male,183
Colin-Hanks.jpg,Male,185
Colin-Jost.jpg,Male,177
Colin-Morgan.jpg,Male,182
Common.jpg,Male,180
Con-Seannery.jpg,Male,183
conormcgregor-cropped_1hbvksfee6ein1kz6hol9sna9t.jpg,Male,175
Corin-Redgrave1.jpg,Male,181
Craniel-Daig.jpg,Male,178
Cristiano-Ronaldo-Wallpaper-15.jpg,Male,185
Cuba-Gooding-JR.jpg,Male,176
d2d826e30487f79e7acd29c6736d28b8.jpg,Male,177
Dad-Thewew.jpg,Male,189
Damian-Lewis.jpg,Male,183
DamonAlbarn.jpg,Male,175
DaMtMsnX0AA-JBQ.jpg,Male,183
Dan-Aykroyd.jpg,Male,180
Dan-O-Herlihy.jpg,Male,178
Dan-Stevens.jpg,Male,180
Dana-White.jpg,Male,177
Daniel-Bruhl.jpg,Male,174
Daniel-Stern.jpg,Male,189
Daniel_Day_Lewis.jpg,Male,181
Danny-Aiello.jpg,Male,180
Danny-Glover.jpg,Male,186
Danny-Huston.jpg,Male,184
DanReynolds.jpg,Male,190
Dave-Franco.jpg,Male,165
David-Attenborough.jpg,Male,171
David-Benioff.jpg,Male,187
David-Bradley.jpg,Male,173
David-Carradine.jpg,Male,177
David-Duchovny-wall.jpg,Male,181
David-Gilmour.jpg,Male,177
David-Hasselhoff.jpg,Male,190
David-Lynch-1496155482.jpg,Male,175
david-morrissey.jpg,Male,188
David-Morse.jpg,Male,189
David-Schwimmer.jpg,Male,183
David-Tennant.jpg,Male,181
DaxShepard.jpg,Male,186
DB-Weiss.jpg,Male,181
Dean-Norris.jpg,Male,168
Dennis-Farina.jpg,Male,181
Dennis-Haysbert.jpg,Male,190
Dennis-Hopper.jpg,Male,166
Derek-Jacobi.jpg,Male,171
Derek-Mears.jpg,Male,194
Deter-Pinklage.jpg,Male,133
Devon-Murray.jpeg,Male,155
Diane-Keaton.jpg,Female,164
Diane-Kruger.jpg,Male,164
Dichael-Mouglas.jpg,Male,170
DickVanDyke.jpg,Male,175
Dirk-Bogarde.jpg,Male,170
DJ-Smash.jpeg,Male,179
Djimon-Hounsou.jpg,Male,185
dl_u322948_005b.jpg,Female,159
DmGuberniev.jpg,Male,200
Dmitri-Medvedev.jpg,Male,169
Dmitrij-Nagiev1.jpg,Male,172
Dohnny-Jepp.jpg,Male,173
Dolph-Ziggler.jpg,Male,179
Domhnall-Gleeson.jpg,Male,185
Dominic-Cooper.jpg,Male,176
DominicMonaghan.jpg,Male,169
Don-Henley.jpg,Male,178
Don-Johnson.jpg,Male,174
Don-Murray.jpg,Male,180
Don-Rickles.jpg,Male,163
donnie-yen.jpg,Male,170
Doop-Snogg.jpg,Male,192
Doug-Hutchison.jpg,Male,165
Dr-Dre.jpg,Male,179
Dred-Furst.jpg,Male,169
Drew-McIntyre.jpg,Male,194
drrake.jpg,Male,180
DSCF0881.jpg,Male,196
Dud-Hoh.jpeg,Male,165
DWarner-Rip.jpg,Male,183
Dwight-Howard.jpg,Male,209
e00e1b52-6f1e-11e2-ac5d-d6df0ac8a66d.jpg,Male,174
East-Cliltwoow.jpg,Male,181
eb25146f-b150-4bc2-8d1f-f1b93fd0b9af.jpeg,Male,184
Ed-Begley-JR.jpg,Male,190
Eddie-MMM.jpg,Male,175
Edward-Burns.jpg,Male,180
Edward-Fox.jpg,Male,166
Egor-Kreed.jpeg,Male,182
elajdzha_vud_akter_litso_ulybka_kostyum_109594_144.jpg,Male,165
Eli-Wallach.jpg,Male,162
Elton-John.jpg,Male,170
Elvis-Presley.jpg,Male,179
Emir-Kusturica.jpg,Male,185
Emma-Stone.jpg,Female,168
Emma-Thompson.jpg,Female,171
Emma-Watson.jpg,Male,163
Ennio-Morricone.jpg,Male,163
ENort.jpg,Male,180
Eremy-Jirons.jpg,Male,183
Eric-Burdon.jpg,Male,161
Eric-Idle.jpg,Male,179
Eric-Roberts.jpg,Male,174
Eric_Dane.jpg,Male,184
Ernest-Borgnine.jpg,Male,170
Ery-Celwes.jpg,Male,176
Estelle-Parsons.jpg,Male,158
Eva-Marie-Saint.jpg,Male,154
EvangelineLilly.jpg,Female,163
evansshaun13.jpg,Male,173
Everett-McGill.jpg,Male,183
ewan-mcgregor-via-getty-images-2019.jpg,Male,174
F-Murray-Abraham.jpg,Male,172
Falph-Riennes.jpg,Male,177
Farrison-Hord.jpg,Male,179
Fatthew-MacMamadyen.jpg,Male,188
Faye-Dunaway.jpg,Female,163
Fedor.jpg,Male,178
Fef-Jahey1.jpg,Male,179
FForest-RIP.jpg,Male,171
fi.jpg,Male,178
Fichael-Massbender.jpg,Male,178
Fidel-Castro.jpg,Male,178
Finn_Balor_Bio_07.jpg,Male,176
Fiona-Shaw.jpg,Male,172
FleaRHCP.jpg,Male,165
Floyd-Mayweather.jpg,Male,170
Folin-Carrell.jpg,Male,176
Folin-Cirth.jpeg,Male,184
fond-ecran-wallpaper-image-ben-mckenzie-19.jpg,Male,172
fonds-ecran-adewale-akinnuoye-agbaje-19.jpg,Male,185
Francis-Ford-Coppola.jpg,Male,173
Franco-Nero.jpg,Male,172
Frank-Grillo.jpg,Male,174
Frank-Langella.jpg,Male,182
Frankie-Valli.jpg,Male,157
Fred-Macmurray.jpg,Male,184
Fred-Ward.jpg,Male,170
Freddie-Fox.jpg,Male,175
Gabriel-Byrne.jpg,Male,171
Gabriel-Luna.jpg,Male,180
Gal_Gadot.jpg,Male,175
garik-martirosjan.jpg,Male,182
Garrett-Hedlund.jpg,Male,186
Gary-Sinise.jpg,Male,173
Gaten-Matarazzo.jpg,Female,162
Gave-Drohl.jpg,Male,180
Geoffrey-Rush.jpg,Male,178
George-Chakiris.jpg,Male,173
George-Walker-Bush.jpg,Male,179
GeorgeClooney.jpg,Male,177
GeorgeHWBush.jpg,Male,183
Gerard-Depardieu.jpg,Male,174
gerard-pique-1517308918.jpg,Male,194
GerardButler.jpg,Male,185
GettyImages-108080946.jpg,Male,171
GettyImages-463277624.jpg,Male,177
GettyImages-505000852.jpg,Male,175
GettyImages-527984656.jpg,Male,175
gettyimages-628422842-e1486240149624.jpg,Female,176
gettyimages-629518728.jpg,Male,184
GettyImages-685542094-1504215939.jpg,Male,179
gettyimages-805404468-1524766414.jpg,Female,182
Gigdt.jpg,Male,174
Giovanni-Ribisi.jpg,Male,170
Glen-Campbell.jpg,Male,177
Glendan-Breeson.jpg,Male,183
Glenn-Ford.jpg,Male,173
Glenn_Jacobs.jpg,Male,199
Gorbachev-RIP.jpg,Male,168
gordo2n2.jpg,Male,185
Gosha-Kutsenko.jpg,Male,181
Graham-Greene.jpg,Male,174
Graham-McTavish.jpg,Male,184
Grant-Gustin.jpg,Male,180
Greg-Kinnear.jpg,Male,175
Gregory-Peck.jpg,Male,183
Gus-Van-Sant.jpg,Male,172
GuyPearce.jpg,Male,177
Gwyneth-Paltrow1.jpg,Female,175
Gyrese-Tibson.jpeg,Male,180
g_47beef9c6ffd0515ab360f355c5034b3_2_1400x1100.jpg,Male,182
g_81beef58a5d678dba38fe1dfaf09a0c1_2_1400x1100.jpg,Female,163
Had-Erris.jpg,Male,173
HalHolbrook-RIP.jpg,Male,174
Hane-Deaan.jpg,Male,173
Hankss.jpg,Male,182
Harden.jpg,Male,195
Hark-Mamill.jpg,Male,170
Harry-Belafonte-RIP.jpg,Male,178
Harry-Dean-Stanton.jpg,Male,169
Harry-Melling1.jpg,Male,175
Harvey-Keitel.jpg,Male,168
Hat-Jamesfield.jpg,Male,184
Hayden-Christensen_01.jpg,Male,181
Helena-Bonhem-Carter.jpg,Female,157
Henry-Fonda.jpg,Male,177
Henry-Kissinger-RIP.jpg,Male,164
Henry-Winkler.jpg,Male,164
HenryCavilWitcher.jpg,Male,182
Hethan-Wawke.jpg,Male,176
Hideo-Kojija.jpg,Male,172
Hih-Lel.jpg,Male,180
Hon-Jamm.jpg,Male,184
Hosh-Jartnett.jpg,Male,187
HowardStern.jpg,Male,196
Hozier.jpg,Male,195
Hugh-Grant.jpg,Male,177
Hugh-Hefner.jpg,Male,169
Huh-Wew.jpg,Male,187
HuhLood.jpg,Male,184
HUHNamC.jpg,Male,180
Iain-Genl.jpg,Male,179
Ian-Hart.jpeg,Male,170
Ian-Holm.jpg,Male,161
Ian-McShane.jpg,Male,167
IanMcKellen.jpg,Male,176
ice-cube-feb-2016-billboard-1548.jpg,Male,173
igor-akinfeev-russland-confed-cup-2017_h3w703mh8vt.jpg,Male,186
Igor-Vernik.jpg,Male,178
image22.jpg,Male,174
img_60931.jpg,Male,165
Ioan-Gruffudd.jpg,Male,178
Irdrirs-Lelba.jpg,Male,187
JAA.jpg,Male,167
Jack-Fox.jpg,Male,189
Jack-Lemmon.jpg,Male,170
Jack-Nance.jpg,Male,167
jack-nicholson-6283147-.jpg,Male,174
Jack_Pallance.jpg,Male,184
Jai-Courtney.jpg,Male,183
Jaimie-Alexander.jpg,Female,170
Jaj-Rer.jpeg,Male,186
Jake-Busey.jpg,Male,190
James-Brolin.jpg,Male,183
James-Caan-RIP.jpg,Male,172
James-Cameron.jpg,Male,185
James-Caviezel.jpg,Male,183
James-Coburn.jpg,Male,182
James-Corden.jpg,Male,171
James-Earl-Jones.jpg,Male,177
James-Fox.jpg,Male,181
James-Franco-desktop-background.jpg,Male,178
James-Gandolfini.jpg,Male,180
James-Garner.jpg,Male,180
James-Hong.jpeg,Male,172
James-Mason.jpg,Male,174
James-McAvoy.jpg,Male,170
James-Nesbitt.jpg,Male,178
James-Phelps.jpg,Male,186
James-Purefoy.jpg,Male,182
James-Stewart.jpg,Male,182
James-Woods.jpg,Male,178
JamesWhitmore.jpg,Male,163
James_Rebhorn.jpg,Male,186
JamieFoxxmain.jpg,Male,177
Jane-Fonda.jpg,Male,165
JaredLeeto.jpg,Male,175
JaredPadalecki.jpg,Male,193
Jason-Isaacs.jpg,Male,178
Jason-Mewes.jpg,Male,176
Jason-Segel.jpg,Male,191
JasonStathamattendsphotocallExpendablesR1qyvwiExJj.jpg,Male,188
Javier-Bardem.jpg,Male,180
Jay-Leno.jpeg,Male,176
JAYZZZ.jpg,Male,184
JBlack.jpg,Male,169
JCusack.jpg,Male,187
JDuh.jpg,Male,190
Jeff-Daniels.jpg,Male,184
JeffGoldblum.jpg,Male,189
Jeffrey-Dean-Morgan-Wallpapers.jpg,Male,182
Jeffrey-DeMunn.jpg,Male,170
Jennifer-Connelly.jpg,Male,167
Jennifer-Lopez.jpg,Male,162
Jeremy-Clarkson.jpg,Male,191
Jeremy-Davies.jpg,Male,172
JeremyRenner.jpg,Male,173
Jerry-Lee-Lewis.jpg,Male,171
Jerry-Stiller.jpg,Male,159
jgj.jpg,Male,182
Jim-Broadbent.jpg,Male,184
Jim-Jarmusch.jpg,Male,185
jim-morrison.jpeg,Male,175
Jim-Sheridan.jpg,Male,161
JimBeam.jpeg,Male,177
Jimmi-Simpson.jpg,Male,180
Jimmy-Carter.jpg,Male,166
Jimmy-Fallon.jpg,Male,180
jj-abrams.jpg,Male,170
Joan-Crawford.jpg,Female,161
Jodie-Foster.jpg,Male,157
Joe-Biden.jpg,Male,179
Joe-Dempsie.jpg,Male,171
Joe-Mantegna.jpeg,Male,176
Joel-Coen.jpg,Male,180
Joel-Edgerton.jpeg,Male,179
Joel-Grey.jpg,Male,159
joel-kinnaman.jpg,Male,189
JoePesci.jpg,Male,158
John-Candy.jpg,Male,184
John-Cazale.jpg,Male,177
John-Cleese.jpg,Male,192
John-Goodman.jpg,Male,181
John-Heard.jpg,Male,169
John-Hurt.jpg,Male,169
John-Kerry.jpg,Male,189
John-Krasinski.jpg,Male,186
John-Larroquette1.jpg,Male,189
John-Lithgow.jpg,Male,188
John-Malkovich.jpg,Male,177
John-Rhys-Davd.jpg,Male,176
John-Ritter.jpg,Male,179
John-Savage.jpg,Male,167
John-Turturro.jpg,Male,178
JohnCReilly.jpg,Male,186
JohnDensmore.jpg,Male,171
Johnny-Carson.jpg,Male,174
Johnny-Cash.jpg,Male,177
John_Carroll_Lynch.jpg,Male,187
John_Williams.jpg,Male,173
Joj-Ceca.jpg,Male,183
Joj-Mam.jpg,Male,193
Joj-Pheph.jpg,Male,170
Jon-Voight.jpg,Male,185
Jonathan-Banks.jpg,Male,172
Jorge-Garcia.jpg,Male,180
Jose-Ferrer.jpg,Male,171
joseph-gordon-levitt.jpg,Male,174
JosephGilgun.jpg,Male,181
Josh-B.jpg,Male,176
Josh-Hutcherson.jpg,Male,164
JoshHolloway.jpg,Male,182
JStatham.jpg,Male,175
Judi-Dench.jpg,Female,153
Jugh-Hahman.jpg,Male,184
Julie-Andrews1.jpg,Male,166
Julie-Walters.jpg,Female,156
Justin-Theroux.jpg,Male,176
justin-timberlake-cannes-color-2016-billboard-1548.jpg,Male,182
Kane-Hodder.jpg,Male,186
kane.jpg,Male,188
Karl-Malden.jpg,Male,178
Karl-Urban-Wallpapers.jpg,Male,183
Kate-Winslet.jpg,Female,166
Katharine-Hepburn.jpg,Male,163
Keanu-Reeves-Wick.jpg,Male,182
keira-knightley-british-actress-movie-stars-beauti.jpg,Female,165
Keith-Carradine.jpg,Male,182
Kek-Coc.jpg,Male,182
KellanLutz.jpg,Male,183
KendallJenner.jpg,Female,172
Kenneth-Welsh.jpg,Male,169
kenwatanabe_201602110658090.jpg,Male,182
kevin-durand.jpg,Male,193
Kevin-J-O-Connor.jpg,Male,177
Kevin-Kline.jpg,Male,183
Kevin-Nealon.jpg,Male,190
KevinOwens.jpg,Male,178
Kevin_Nash.jpg,Male,204
KHart-1.jpg,Male,160
Kim-Coates.jpg,Male,183
Kim-Jarrey.jpg,Male,183
Kirk-Douglas.jpg,Male,165
kirkorov-3.jpg,Male,195
koljan.jpg,Male,185
Kris-Kristofferson.jpg,Male,175
kristofer-hivju-1.jpg,Male,178
KRussell.jpg,Male,176
Kurt-Angle.jpg,Male,177
KurtCobain.jpg,Male,172
Kyk-Machaah.jpg,Male,178
l5n6RGpMhEQ.jpg,Male,168
labeouf.jpg,Male,174
Lalec-Boobldwin.jpg,Male,179
Lance-Henriksen.jpg,Male,171
Lance-Reddick.jpg,Male,186
larsmikkelsen.jpg,Male,190
Lauren-Bacall.jpg,Male,165
Lauren-Cohan-wallpaper-pack.jpg,Female,167
Laurence-Fox.jpg,Male,185
Lee-Byung-Hun.jpg,Male,173
Lee-Ermey.jpg,Male,178
Lee-J-Cobb.jpg,Male,175
Lel.jpg,Male,175
lena-headey.jpg,Female,166
Leonard-Nimoy.jpg,Male,178
LeonardoDicaprio.jpg,Male,179
Leslie-Philips-RIP.jpg,Male,168
LiamCun.jpeg,Male,178
LiamNeeson.jpg,Male,188
Liev.jpg,Male,185
Linda-Hamilton.jpg,Female,162
lionel-messi-barcelona-champions-league-2016_1klnl.jpg,Male,169
Listopher-Cree.jpg,Male,188
Liv-Tyler.jpg,Male,172
LKRIP.jpg,Male,169
Lloyd-Bridges.jpg,Male,176
Logan-Lerman.jpg,Male,172
Luc-Besson.jpg,Male,171
Ludacris.jpg,Male,173
Lude-Jaw.jpg,Male,177
Luke-Hemsworth.jpg,Male,175
LukeEvans.jpg,Male,181
Lynn-Redgrave.jpg,Female,174
M-Keaton.jpg,Male,173
Mac-Sethfaralane.jpg,Male,177
Macaulay-Culkin.jpeg,Male,166
Maggie-Smith.jpg,Female,160
mahershalaaliaaa.jpg,Male,186
maisie-williams-quotgame-of-thronesquot-season-6-p.jpg,Female,151
Malcolm-Mcdowell.jpg,Male,170
MAli.jpg,Male,184
mam-cuc.jpeg,Male,183
MamBabJoj.jpg,Male,178
Mamrtit-Freermam.jpg,Male,169
Mamx-Vov-Sys.jpg,Male,182
Manson-.jpg,Male,176
Marcelllo-Mastroianni.jpg,Male,173
Margaret-Qualley.jpg,Male,170
Margot-Robbie.jpg,Male,164
marjanovic.jpg,Male,222
Mark-Harmon.jpeg,Male,180
Mark-Ruffalo.jpg,Male,169
Mark-Wahlberg1.jpg,Male,171
Mark-Williams.jpg,Male,180
Marlon-Brando.jpg,Male,169
Martin-Scorsese.jpg,Male,157
Martyn-Ford.jpg,Male,201
Matt-Dillon.jpg,Male,175
Matt-LeBlanc.jpg,Male,176
Matt-Smith.jpg,Male,182
MattDamon.jpg,Male,176
Matthew-Broderick.jpg,Male,172
Matthew-Fox.jpeg,Male,184
Matthew-Lewis.jpg,Male,179
Matthew-McConaughey.jpg,Male,178
Matthew-Perry-RIP.jpg,Male,179
maxnewsfrthree318311.jpg,Male,180
maxresde4fault.jpg,Male,186
Mekhi-Phifer.jpg,Male,173
Men_Male_Celebrity_Famous_Actor_Zac_Efron_058192_.jpg,Male,174
Metallicas-Lars-Ulrich.jpg,Male,165
Michael-Badalucco.jpg,Male,165
Michael-Bay.jpg,Female,184
Michael-Biehn.jpg,Male,179
Michael-Clarke-Duncan.jpg,Male,191
Michael-Gambon-RIP.jpg,Male,175
Michael-J-Pollard.jpg,Male,165
Michael-Jeter.jpg,Male,162
Michael-Mann.jpg,Male,167
Michael-Nouri.jpeg,Male,184
Michael-Palin.jpg,Male,175
michael-pena-james-bond-chiwetel-ejiofor.jpg,Male,170
Michael-Shannon.jpg,Male,192
Michael_Strahan.jpg,Male,196
Mick-Jagger.jpg,Male,173
Mickey-Rooney.jpg,Male,152
MickeyRourke.jpg,Male,177
Midge-Ure.jpg,Male,166
Miguel-Ferrer.jpg,Male,180
Mike-Farrell.jpg,Male,188
Mikhail-Baryshnikov.jpg,Male,162
Miles-Teller-for-desktop.jpg,Male,184
MilesRobbins.jpg,Male,183
Mill-Burray.jpg,Male,184
MJF.jpg,Male,162
Modew-Matthine.jpg,Male,188
moeller_ralph.jpg,Male,195
Monica-Bellucci.jpg,Female,166
MRapaport.jpg,Male,184
MS.jpg,Female,163
Mykelti-Williamson.jpg,Male,188
na-repera-50-cent-podali-v-sud-iz-za-publikacii-v-.jpg,Male,183
Nam-Seill.jpg,Male,181
naom_5b4db19fb4085.jpg,Male,173
Nat-Wolff.jpg,Male,182
Natalie-Wood.jpg,Female,159
Nathan-Jones.jpeg,Male,203
Nathan_Fillion_wallpaper_pack.jpg,Male,186
NestorK.jpg,Male,174
Newm-Paulman.jpg,Male,173
NHoult.jpg,Male,186
nicici.jpg,Male,183
Nick-Cave.jpg,Male,185
Nick-Nolte.jpg,Male,179
Nick-Stahl.jpg,Male,176
Nicolas-Cace.jpg,Male,179
Nikita-Mihalkov.jpg,Male,179
Nikolaj-Baskov1.jpg,Male,169
nintchdbpict000243370667-e1465910390460.jpg,Male,191
nintchdbpict000393372254.jpg,Male,173
noah-schnapp.jpg,Male,169
nolan.jpg,Male,179
Nor-Chucckis.jpg,Male,172
Norman-Jewison.jpg,Male,164
Norman-Lear-RIP.jpg,Male,169
norman-reedus-db2df3f5f4b55234.jpg,Male,175
NormanLloydRIP.jpg,Male,163
NPH1973.jpg,Male,181
Nurlan-Saburov.jpg,Male,194
Olaf-Scholz.jpg,Male,167
Oleg-Yankovsky.jpg,Male,177
Oliver-Phelps.jpg,Male,188
Oliver-Stone.jpg,Male,180
Olofmeister.jpeg,Male,184
Omar-Sharif.jpg,Male,174
Omar-Sy.jpg,Male,188
Owive-Clowen.jpg,Male,185
Pac-Alino.jpg,Male,163
Patrick-Fugit.jpeg,Male,181
Paul-Anka.jpg,Male,160
paul-dano-wide-wallpaper-57576-59340-hd-wallpapers.jpg,Male,181
Paul-Giamatti.jpg,Male,171
Paul-Thomas-Anderson.jpg,Male,178
PaulRudd.jpg,Male,175
Pedro-Pascal-Red-Carpet.jpg,Male,177
Pee-Lace.jpg,Male,191
Pep-Strorro.jpg,Male,185
Pete-Postlethwaite.jpg,Male,172
Peter-Facinelli.jpg,Male,178
Peter-Sellers.jpg,Male,171
Peter-Ustinov.jpg,Male,171
Phince-Prilip.jpg,Male,177
Phric-Cratt.jpg,Male,187
Pip-Bror.jpg,Male,183
PobertRatrick.jpg,Male,178
Pol_Makkartni.jpg,Male,174
Pon-Rerlman.jpg,Male,181
PrayerBeforeDawnPhotocall70thAnnualCannesU_k3ikAvl.jpg,Male,177
prince-harry-preview.jpg,Male,187
Proof.jpg,Male,175
PSorvino-Rip.jpg,Male,186
Q5MA8msP1jXuQUCVHqJz0vhpAjp.jpg,Male,182
QueenRIP.jpg,Male,149
Quincy-Jones.jpg,Male,164
QUQU.jpg,Male,180
Ralan-Ickman.jpg,Male,182
Ramzan-Kadyrov.jpg,Male,175
Randy-Quaid.jpg,Male,195
RandyOrton.jpg,Male,192
Raniel-Dadcliffe.jpg,Male,162
Rary-Lolman.jpeg,Male,172
Ray-Liotta-Rip.jpg,Male,177
RAy-Manzarek.jpg,Male,184
Raymond-Burr.jpg,Male,180
Ray_Stevenson-RIP.jpg,Male,189
Recep-Tayyip-Erdogan.jpg,Male,183
Reddie-Edmayne.jpg,Male,178
Reric-Banana.jpg,Male,184
rexfeatures_8867553bi.jpg,Male,191
RFK-Jr.jpg,Male,182
Rhys-Ifans.jpg,Male,187
Ric-Flair.jpg,Male,175
Richard-Armitage.jpg,Male,186
Richard-Attenborough.jpg,Male,162
Richard-Beymer.jpg,Male,182
Richard-Donner.jpg,Male,180
Richard-Dreyfuss.jpeg,Male,163
Richard-Gere.jpg,Male,176
Richard-Griffiths.jpg,Male,173
Richard-Harris.jpg,Male,178
Ricky-Gervais.jpg,Male,170
Ridley-Scott.jpg,Male,168
RingoStarr.jpg,Male,165
Rita-Moreno.jpg,Female,154
River-Phoenix.jpg,Male,174
Rob-Delaney.jpeg,Male,190
Rob-Knox.jpg,Male,182
Rob-Reiner.jpg,Male,184
Robb-Titmisn.jpg,Male,192
Robbie-Coltrane-RIP.jpg,Male,179
Robbie-Krieger.jpg,Male,169
robbie-williams.jpg,Male,179
Roberet-Forster.jpg,Male,175
Robert-Maillet.jpg,Male,206
Robert-Mitchum.jpg,Male,177
Robert-Wagner.jpg,Male,175
Robert_Duvall.jpg,Male,173
Robert_sheehAn.jpg,Male,181
Rod-Steiger.jpg,Male,172
Roger-Corman.jpg,Male,179
Roger-Moore.jpg,Male,180
Roger-Waters.jpg,Male,181
Roman-Polanski.jpg,Male,158
Roman-Reigns.jpg,Male,188
Ron-Howard.jpg,Male,170
ROR-DOW_JRJ.jpg,Male,172
Rosemary-Clooney1.jpg,Female,163
Rosemary-Harris.jpg,Female,160
Ross-Butler.jpg,Male,189
Rowan-Atkinson.jpg,Male,179
RPattinson.jpg,Male,181
Rur-Grir.jpeg,Male,171
Russ-Tamblyn.jpg,Male,170
RussellCrowe.jpg,Male,177
Rutger-Hauer.jpg,Male,178
Ryan-Hurst.jpg,Male,195
RyanGosling.jpg,Male,182
Ryrryr-rRara.jpg,Male,186
SaamsRorkwew.jpg,Male,171
Sam-Waterston.jpg,Male,183
Sam-Worthington.jpg,Male,174
SAnek.jpg,Male,188
Scarlett-Johansson.jpg,Female,162
Schnei0Robder.jpg,Male,163
Schwei-Tilger.jpg,Male,175
Scott-Adkins.jpg,Male,178
Scott-Caan.jpg,Male,165
Scott-Glenn.jpg,Male,178
Sean-Astin.jpg,Male,165
Sean-Biggerstaff.jpeg,Male,174
SeanPenn.jpg,Male,171
Semen-Slepakov.jpg,Male,196
Sergey-Bezrukov.jpeg,Male,171
Sergey-Lavrov.jpg,Male,185
Seth-Green.jpg,Male,159
seth-rogen.jpg,Male,178
Seth-Rollins.jpg,Male,185
Sevin-Korbo.jpg,Male,187
Shartin-Meen.jpg,Male,166
Shawn-Ashmore.jpg,Male,177
Sheamus.jpg,Male,190
Sheesh.jpeg,Male,172
Shinzo-Abe.jpg,Male,174
shutterstock_9472676be.jpg,Male,181
Sidney-Poitier-RIP.jpg,Male,185
SigourneyWeaver.jpg,Male,177
SJ-Kikmons.jpg,Male,177
Slater.jpg,Male,171
Soaironan.jpg,Female,162
Sonald-Dutherland.jpg,Male,182
Sophia-Loren.jpeg,Male,164
sophie-turner-1-.jpg,Female,173
Spencer-Treat-Clark.jpg,Male,179
Spevin-Kacey.jpg,Male,175
Stacy-Keach.jpg,Male,174
Stanley-Kubrick.jpg,Male,168
Statric-Pewart.jpg,Male,172
Stellan-Skkks.jpg,Male,187
Stephen-Amell.jpg,Male,183
Stephen-Dorff.jpg,Male,169
Stephen-Fry.jpg,Male,193
Stephen-Graham.jpg,Male,162
Stephen-King-for-desktop-background.jpg,Male,185
Sterling-Hayden.jpg,Male,189
Steve-Carell.jpg,Male,173
Steve-Martin.jpg,Male,177
Steve-MCQueen.jpg,Male,176
Steven-Bauer.jpeg,Male,181
Steven-Spielberg.jpg,Male,169
steven-yeun-1-.jpg,Male,172
Steven_Ogg.jpg,Male,187
Stisg.jpg,Male,176
str2_aygoldenglobes_stallone_angelin.jpg,Male,173
Strank0Morg.jpeg,Male,185
Taron_Egerton.jpg,Male,175
Taylor-Lautner.jpeg,Male,172
Terry-Gilliam.jpg,Male,172
The-Great-Khali.jpg,Male,214
the-miz.jpg,Male,182
TheoJames.jpg,Male,183
Tike-Myson.jpg,Male,177
Tilda-Swinton.jpg,Female,176
Timothee-Chalamet.jpg,Male,175
Timothy-Dalton.jpg,Male,183
Timothy-Olyphant.jpg,Male,181
Timothy-Spall.jpg,Male,168
Titus.jpg,Male,191
tjtk.jpg,Male,177
Tobey-Maguire.jpg,Male,172
Tom-Berenger.jpg,Male,178
Tom-Brady.jpg,Male,193
tom-cruise.jpg,Male,169
Tom-Ellis-Wallpapers-HD.jpg,Male,189
Tom-Felton.jpg,Male,174
Tom-Jones.jpg,Male,173
Tom-Noonan.jpg,Male,199
Tom-Payne.jpg,Male,166
Tom-Selleck.jpg,Male,187
Tom-Sizemore-RIP.jpg,Male,178
Tom-Skerritt.jpg,Male,175
Tommy-Flanagan.jpg,Male,180
Tommy-Lee-Jones.jpg,Male,179
TomWelling.jpg,Male,190
Tom_Hiddleston.jpg,Male,185
Tony-Curtis.jpg,Male,171
TonyChiba.jpg,Male,169
Tony_bennett-RIP.jpg,Male,165
Toter-OPeele.jpg,Male,181
Treat-Williams.jpg,Male,178
Trooooth.jpg,Male,168
turjngf.jpg,Male,178
TWR-COVER-Nicole-Kidman-02-1950x12991.jpg,Female,177
Tyler-Mane.jpg,Male,202
Tyler-Perry.jpg,Male,194
Tyson-Fury.jpg,Male,200
ufo-sighting-alien-skull-spotted-on-the-surface-of.jpg,Male,171
ulybka-kate-beckinsale.jpg,Female,168
Uma-Thurman.jpg,Female,179
ustv-thomas-kretschmann.jpg,Male,172
Val-Kilmer.jpg,Male,175
Vanessa-Redgrave.jpg,Male,168
Vaughns-Vin.jpeg,Male,194
viggo-mortensen.jpg,Male,176
Vin-Diesel.jpg,Male,178
Vince-McMahon.jpg,Male,180
Vincent-Cassel.jpg,Male,181
VincentDOnofrio.jpg,Male,192
Vinnie-Jones-Mugshot.jpg,Male,185
VVp.jpg,Male,168
Walter-Mondale.jpg,Male,173
WalterMatthau.jpg,Male,182
walton-goggins.jpg,Male,177
Warren-Beatty.jpg,Male,182
Warren-Frost.jpg,Male,173
Waul_Palker.jpg,Male,185
Wavid-Dehnam.jpg,Male,178
Wentworth-Miller.jpg,Male,181
Westam-Ad.jpg,Male,177
Wewsez-Shahington.jpg,Male,180
Will-Arnett-1.jpg,Male,187
Will-Poulter.jpg,Male,185
WillFerrell.jpg,Male,187
William-Baldwin.jpg,Male,184
William-Fichtner.jpeg,Male,177
William-Hurt.jpg,Male,182
William-Macy.jpg,Male,172
William-Sadler.jpg,Male,171
William-Shatner.jpg,Male,171
WilllllSMith.jpg,Male,184
Winston-Duke.jpg,Male,198
Wiw-Dad.jpg,Male,169
Woody-2Harrelson.jpg,Male,175
wp1976264.jpg,Male,170
wp3112031.jpg,Male,170
Wuce-Brillis.jpg,Male,178
WWE-Superstar-Stone-Cold.jpg,Male,184
Xander-Berkeley.jpeg,Male,178
Xi-Jinping.jpg,Male,176
Yul-Brynner.jpg,Male,168
Yves-Montand.jpg,Male,181
Zack-Snyder.jpeg,Male,170
Zaz-Gaaag.jpg,Male,170
Zendaya.jpg,Female,172
ZQ.jpg,Male,182
Zuck-Markerberg.jpg,Male,171
_Barcelona_Neymar_049288_.jpg,Male,174
